"","date","keyword","mean_hits","max_hits"
"1",2005,"3511B",0,0
"2",2005,"3ROHI",0,0
"3",2005,"A",70.5192307692308,76
"4",2005,"AA",2.01923076923077,3
"5",2005,"AACE",0,0
"6",2006,"3511B",0,0
"7",2006,"3ROHI",0,0
"8",2006,"A",69.8679245283019,75
"9",2006,"AA",2.22641509433962,3
"10",2007,"3511B",0,0
"11",2007,"3ROHI",0,0
"12",2007,"A",72.1538461538462,77
"13",2007,"AA",2.15384615384615,3
"14",2008,"3511B",0,0
"15",2008,"3ROHI",0,0
"16",2008,"A",80.4807692307692,86
"17",2008,"AA",1.96153846153846,2
"18",2009,"3511B",0,0
"19",2009,"3ROHI",0,0
"20",2009,"A",91.0576923076923,100
"21",2009,"AA",1.92307692307692,2
"22",2005,"AAIIQ",0,0
"23",2005,"AAP",2,3
"24",2005,"AAPL",1.69230769230769,4
"25",2005,"ABC",77.6153846153846,94
"26",2005,"ABI",11.0769230769231,27
"27",2006,"AAIIQ",0,0
"28",2006,"AAP",2.05660377358491,3
"29",2006,"AAPL",2.84905660377358,6
"30",2006,"ABC",79.3584905660377,100
"31",2006,"ABI",8.05660377358491,10
"32",2007,"AAIIQ",0,0
"33",2007,"AAP",2.25,4
"34",2007,"AAPL",4.90384615384615,10
"35",2007,"ABC",76.9038461538462,96
"36",2007,"ABI",7.23076923076923,9
"37",2008,"AAIIQ",0,0
"38",2008,"AAP",1.98076923076923,4
"39",2008,"AAPL",4.44230769230769,9
"40",2008,"ABC",76.3653846153846,99
"41",2008,"ABI",6.40384615384615,9
"42",2009,"AAIIQ",0,0
"43",2009,"AAP",1.94230769230769,2
"44",2009,"AAPL",2.09615384615385,4
"45",2009,"ABC",70.9807692307692,96
"46",2009,"ABI",5.78846153846154,7
"47",2005,"ABT",40.6923076923077,49
"48",2005,"ACF",10.8461538461538,14
"49",2005,"ACS",83.9807692307692,94
"50",2005,"ADCT",1.38775510204082,2
"51",2005,"ADP",69.8076923076923,88
"52",2006,"ABT",38.7169811320755,47
"53",2006,"ACF",10.7735849056604,15
"54",2006,"ACS",82.7358490566038,100
"55",2006,"ADCT",1.02222222222222,2
"56",2006,"ADP",72.8490566037736,90
"57",2007,"ABT",37.0384615384615,45
"58",2007,"ACF",10.8461538461538,14
"59",2007,"ACS",77.6153846153846,87
"60",2007,"ADCT",1.04255319148936,2
"61",2007,"ADP",70.6346153846154,84
"62",2008,"ABT",34.3269230769231,38
"63",2008,"ACF",10.4423076923077,13
"64",2008,"ACS",76.6538461538462,86
"65",2008,"ADCT",1.02272727272727,2
"66",2008,"ADP",70.3076923076923,84
"67",2009,"ABT",33.5384615384615,40
"68",2009,"ACF",9.73076923076923,12
"69",2009,"ACS",76.8653846153846,96
"70",2009,"ADCT",1,1
"71",2009,"ADP",69.3269230769231,93
"72",2005,"ADVBQ",0,0
"73",2005,"ADVS",1.46153846153846,5
"74",2005,"AEA",70.9807692307692,100
"75",2005,"AEO",10.8461538461538,27
"76",2005,"AET",41.1923076923077,85
"77",2006,"ADVBQ",0,0
"78",2006,"ADVS",1.52830188679245,6
"79",2006,"AEA",67.1698113207547,92
"80",2006,"AEO",11.2641509433962,22
"81",2006,"AET",43.9433962264151,86
"82",2007,"ADVBQ",0,0
"83",2007,"ADVS",1.32692307692308,6
"84",2007,"AEA",63.2884615384615,90
"85",2007,"AEO",19.6153846153846,33
"86",2007,"AET",38.8653846153846,74
"87",2008,"ADVBQ",0,0
"88",2008,"ADVS",1.5,5
"89",2008,"AEA",56.7307692307692,80
"90",2008,"AEO",24.3846153846154,35
"91",2008,"AET",41.7307692307692,92
"92",2009,"ADVBQ",0,0
"93",2009,"ADVS",1.48888888888889,3
"94",2009,"AEA",50.6153846153846,65
"95",2009,"AEO",27.2307692307692,35
"96",2009,"AET",36.6923076923077,79
"97",2005,"AFL",3.82692307692308,8
"98",2005,"AFLYY",0,0
"99",2005,"AGE",59.3653846153846,78
"100",2005,"AGP",8.05769230769231,13
"101",2005,"AHONY",0,0
"102",2006,"AFL",4.22641509433962,8
"103",2006,"AFLYY",0,0
"104",2006,"AGE",55.6037735849057,85
"105",2006,"AGP",7.05660377358491,10
"106",2006,"AHONY",0,0
"107",2007,"AFL",4.94230769230769,10
"108",2007,"AFLYY",0,0
"109",2007,"AGE",48.5769230769231,57
"110",2007,"AGP",5.30769230769231,7
"111",2007,"AHONY",0,0
"112",2008,"AFL",4.71153846153846,8
"113",2008,"AFLYY",0,0
"114",2008,"AGE",54.8269230769231,84
"115",2008,"AGP",3.36538461538462,5
"116",2008,"AHONY",0,0
"117",2009,"AFL",4.75,8
"118",2009,"AFLYY",0,0
"119",2009,"AGE",60.3269230769231,100
"120",2009,"AGP",2.30769230769231,3
"121",2009,"AHONY",0,0
"122",2005,"AIG",5.46153846153846,7
"123",2005,"AIQ",0,0
"124",2005,"AIZ",0,0
"125",2005,"ALB",1.44230769230769,2
"126",2005,"AMIC",1,1
"127",2006,"AIG",5.43396226415094,8
"128",2006,"AIQ",0,0
"129",2006,"AIZ",0,0
"130",2006,"ALB",1.39622641509434,2
"131",2007,"AIG",5.90384615384615,8
"132",2007,"AIQ",0,0
"133",2007,"ALB",1.71153846153846,3
"134",2007,"AMIC",1,1
"135",2008,"AIG",10.5961538461538,100
"136",2008,"ALB",1.94230769230769,3
"137",2009,"AIG",8.57692307692308,41
"138",2009,"ALB",2.07692307692308,3
"139",2005,"AMP",90.25,100
"140",2005,"AMR",29.5,36
"141",2005,"AMTD",0.416666666666667,1
"142",2005,"ANF",4.15384615384615,5
"143",2005,"ARW",1,1
"144",2006,"AMP",77.188679245283,86
"145",2006,"AMR",27.811320754717,34
"146",2006,"AMTD",1,1
"147",2006,"ANF",4.64150943396226,6
"148",2006,"ARW",1,1
"149",2007,"AMP",68.25,73
"150",2007,"AMR",23.2884615384615,28
"151",2007,"AMTD",1,1
"152",2007,"ANF",4.96153846153846,9
"153",2007,"ARW",1,1
"154",2008,"AMP",64.9230769230769,71
"155",2008,"AMR",19.4230769230769,22
"156",2008,"AMTD",0,0
"157",2008,"ANF",5.38461538461539,8
"158",2008,"ARW",1,1
"159",2009,"AMP",60.8653846153846,66
"160",2009,"AMR",18.0384615384615,22
"161",2009,"ANF",5.42307692307692,7
"162",2009,"ARW",1,1
"163",2005,"ASF",1.34615384615385,2
"164",2005,"AT",78.2115384615385,82
"165",2005,"ATE",1,1
"166",2005,"ATSG",0,0
"167",2005,"AV",10.6538461538462,12
"168",2006,"ASF",1.0188679245283,2
"169",2006,"AT",81.1509433962264,91
"170",2006,"ATE",1,1
"171",2006,"ATSG",0,0
"172",2006,"AV",10.1509433962264,12
"173",2007,"ASF",1,1
"174",2007,"AT",81.1538461538462,86
"175",2007,"ATE",1,1
"176",2007,"ATSG",0,0
"177",2007,"AV",10.9038461538462,12
"178",2008,"ASF",1,1
"179",2008,"AT",88.5192307692308,95
"180",2008,"ATE",1,1
"181",2008,"ATSG",0,0
"182",2008,"AV",11.6923076923077,13
"183",2009,"ASF",1,1
"184",2009,"AT",93.1153846153846,100
"185",2009,"ATE",1.71153846153846,2
"186",2009,"AV",12.3846153846154,14
"187",2005,"AVT",22.3461538461538,56
"188",2005,"AW",73.75,93
"189",2005,"AWI",9.19230769230769,21
"190",2005,"AXP",5.17307692307692,14
"191",2005,"AZO",15.0384615384615,22
"192",2006,"AVT",23.9245283018868,44
"193",2006,"AW",74.622641509434,93
"194",2006,"AWI",8.58490566037736,16
"195",2006,"AXP",4.13207547169811,9
"196",2006,"AZO",12.9245283018868,19
"197",2007,"AVT",23.2115384615385,46
"198",2007,"AW",76.3461538461538,90
"199",2007,"AWI",7.75,17
"200",2007,"AXP",4.44230769230769,8
"201",2007,"AZO",12.1153846153846,17
"202",2008,"AVT",19.4807692307692,24
"203",2008,"AW",84,100
"204",2008,"AWI",7.59615384615385,12
"205",2008,"AXP",6.90384615384615,14
"206",2008,"AZO",13.2115384615385,18
"207",2009,"AVT",18.7884615384615,26
"208",2009,"AW",86.6730769230769,98
"209",2009,"AWI",7.96153846153846,11
"210",2009,"AXP",5.96153846153846,12
"211",2009,"AZO",13.9807692307692,19
"212",2005,"BA",44.1153846153846,52
"213",2005,"BARE",22.2115384615385,25
"214",2005,"BBBB",1,1
"215",2005,"BBOX",1,1
"216",2005,"BBY",1,1
"217",2006,"BA",53.0754716981132,66
"218",2006,"BARE",21.6792452830189,26
"219",2006,"BBBB",1,1
"220",2006,"BBOX",1,1
"221",2006,"BBY",1,1
"222",2007,"BA",56.9038461538462,63
"223",2007,"BARE",20.3461538461538,24
"224",2007,"BBBB",1,1
"225",2007,"BBOX",1,1
"226",2007,"BBY",1,1
"227",2008,"BA",62.0576923076923,73
"228",2008,"BARE",19.3461538461538,22
"229",2008,"BBBB",1,1
"230",2008,"BBOX",1,1
"231",2008,"BBY",1,1
"232",2009,"BA",72.7884615384615,100
"233",2009,"BARE",17.75,20
"234",2009,"BBBB",1,1
"235",2009,"BBOX",2.03846153846154,3
"236",2009,"BBY",1,1
"237",2005,"BC",15.1923076923077,19
"238",2005,"BGFV",0,0
"239",2005,"BID",2.07692307692308,6
"240",2005,"BIG",73.8269230769231,97
"241",2006,"BC",14.7169811320755,17
"242",2006,"BGFV",0,0
"243",2006,"BID",1.86792452830189,2
"244",2006,"BIG",73.8490566037736,100
"245",2007,"BC",13.7115384615385,17
"246",2007,"BGFV",0,0
"247",2007,"BID",1.80769230769231,2
"248",2007,"BIG",72.75,93
"249",2008,"BC",13.4615384615385,18
"250",2008,"BGFV",0,0
"251",2008,"BID",1.82692307692308,2
"252",2008,"BIG",71.5192307692308,81
"253",2009,"BC",12.4807692307692,15
"254",2009,"BGFV",0,0
"255",2009,"BID",1.92307692307692,2
"256",2009,"BIG",68.2115384615385,81
"257",2005,"BJ",25.4423076923077,30
"258",2005,"BLK",2.5,3
"259",2005,"BLKB",0.888888888888889,1
"260",2005,"BMY",1,1
"261",2005,"BOT",80.2115384615385,100
"262",2006,"BJ",24.7358490566038,30
"263",2006,"BLK",2.33962264150943,3
"264",2006,"BLKB",1,1
"265",2006,"BMY",1,1
"266",2006,"BOT",69.6415094339623,81
"267",2007,"BJ",25.1730769230769,62
"268",2007,"BLK",2.59615384615385,4
"269",2007,"BLKB",1,1
"270",2007,"BMY",1.02631578947368,2
"271",2007,"BOT",67.4615384615385,81
"272",2008,"BJ",26.6730769230769,42
"273",2008,"BLK",3.19230769230769,4
"274",2008,"BLKB",1,1
"275",2008,"BMY",1,1
"276",2008,"BOT",69,86
"277",2009,"BJ",30.9423076923077,78
"278",2009,"BLK",4.09615384615385,5
"279",2009,"BLKB",1,1
"280",2009,"BMY",1,1
"281",2009,"BOT",75.4230769230769,87
"282",2005,"BRK3",0,0
"283",2005,"BRLI",0.0227272727272727,1
"284",2005,"BSG",6,9
"285",2005,"BUD",64.6923076923077,100
"286",2005,"BZLFY",0,0
"287",2006,"BRK3",0,0
"288",2006,"BRLI",0,0
"289",2006,"BSG",8.49056603773585,15
"290",2006,"BUD",60.7358490566038,91
"291",2006,"BZLFY",0,0
"292",2007,"BRK3",0,0
"293",2007,"BRLI",0,0
"294",2007,"BSG",9.84615384615385,20
"295",2007,"BUD",59.9807692307692,90
"296",2007,"BZLFY",0,0
"297",2008,"BRK3",0,0
"298",2008,"BRLI",0,0
"299",2008,"BSG",11.1153846153846,21
"300",2008,"BUD",58.25,92
"301",2008,"BZLFY",0,0
"302",2009,"BRK3",0,0
"303",2009,"BRLI",0,0
"304",2009,"BSG",12.5769230769231,35
"305",2009,"BUD",58.8653846153846,75
"306",2009,"BZLFY",0,0
"307",2005,"C",73.0576923076923,80
"308",2005,"CA",64.8269230769231,75
"309",2005,"CACH",1,1
"310",2005,"CAJ",1,1
"311",2006,"C",68.7735849056604,73
"312",2006,"CA",73.0754716981132,86
"313",2006,"CACH",1,1
"314",2007,"C",68.4038461538462,85
"315",2007,"CA",77.7884615384615,90
"316",2007,"CACH",1.42222222222222,3
"317",2008,"C",68.4230769230769,75
"318",2008,"CA",85.6923076923077,99
"319",2008,"CACH",3.67307692307692,6
"320",2009,"C",69.0961538461538,75
"321",2009,"CA",88.8269230769231,100
"322",2009,"CACH",7.5,11
"323",2005,"CAL",4.88461538461539,6
"324",2005,"CAR",86.2115384615385,100
"325",2005,"CAT",18.3653846153846,20
"326",2005,"CB",2,2
"327",2005,"CBRL",0,0
"328",2006,"CAL",4.81132075471698,5
"329",2006,"CAR",80.3207547169811,93
"330",2006,"CAT",18.4905660377358,21
"331",2006,"CB",2,2
"332",2006,"CBRL",0,0
"333",2007,"CAL",4.57692307692308,6
"334",2007,"CAR",75.4423076923077,85
"335",2007,"CAT",17.3269230769231,22
"336",2007,"CB",2,2
"337",2007,"CBRL",0,0
"338",2008,"CAL",4.69230769230769,5
"339",2008,"CAR",71.8269230769231,80
"340",2008,"CAT",17.1153846153846,20
"341",2008,"CB",2.01923076923077,3
"342",2008,"CBRL",0,0
"343",2009,"CAL",4.19230769230769,5
"344",2009,"CAR",69.9807692307692,81
"345",2009,"CAT",16.9038461538462,19
"346",2009,"CB",2.05769230769231,3
"347",2009,"CBRL",0,0
"348",2005,"CBS",39.6346153846154,81
"349",2005,"CBT",4.05769230769231,5
"350",2005,"CCH",1.63461538461538,3
"351",2005,"CCRT",0,0
"352",2005,"CELG",0.4,1
"353",2006,"CBS",41.7924528301887,100
"354",2006,"CBT",3.56603773584906,4
"355",2006,"CCH",1.73584905660377,3
"356",2006,"CCRT",0,0
"357",2006,"CELG",1,1
"358",2007,"CBS",41.0769230769231,100
"359",2007,"CBT",3.46153846153846,4
"360",2007,"CCH",1.98076923076923,3
"361",2007,"CCRT",0,0
"362",2007,"CELG",1,1
"363",2008,"CBS",42.4807692307692,88
"364",2008,"CBT",3.71153846153846,4
"365",2008,"CCH",2.01923076923077,4
"366",2008,"CELG",1,1
"367",2009,"CBS",36.8269230769231,95
"368",2009,"CBT",3.59615384615385,4
"369",2009,"CCH",2.19230769230769,4
"370",2009,"CCRT",0,0
"371",2009,"CELG",1,1
"372",2005,"CEN",49.6538461538462,68
"373",2005,"CFC",47.3076923076923,60
"374",2005,"CHL",26.5384615384615,37
"375",2005,"CHRD",0.942307692307692,2
"376",2005,"CHTR",1.38461538461538,4
"377",2006,"CEN",55.8867924528302,74
"378",2006,"CFC",46.7735849056604,57
"379",2006,"CHL",24.6037735849057,35
"380",2006,"CHRD",1.04347826086957,2
"381",2006,"CHTR",1.58490566037736,3
"382",2007,"CEN",64.1153846153846,76
"383",2007,"CFC",55.9615384615385,86
"384",2007,"CHL",27.0576923076923,34
"385",2007,"CHRD",1,2
"386",2007,"CHTR",2.09803921568627,4
"387",2008,"CEN",61.3653846153846,70
"388",2008,"CFC",56.25,100
"389",2008,"CHL",23.8461538461538,30
"390",2008,"CHRD",1,1
"391",2008,"CHTR",1.42307692307692,3
"392",2009,"CEN",57.4230769230769,72
"393",2009,"CFC",49.9807692307692,60
"394",2009,"CHL",19.5,34
"395",2009,"CHRD",0.96,1
"396",2009,"CHTR",1.54545454545455,3
"397",2005,"CI",61.7884615384615,70
"398",2005,"CKFR",0,0
"399",2005,"CKR",1,1
"400",2005,"CKSW",0.0285714285714286,1
"401",2005,"CLGX",0,0
"402",2006,"CI",63.4905660377358,71
"403",2006,"CKFR",0.105263157894737,1
"404",2006,"CKR",1,1
"405",2006,"CKSW",0,0
"406",2006,"CLGX",0,0
"407",2007,"CI",69.3269230769231,82
"408",2007,"CKFR",0,0
"409",2007,"CKR",1,1
"410",2007,"CKSW",0.333333333333333,1
"411",2007,"CLGX",0,0
"412",2008,"CI",79.7692307692308,92
"413",2008,"CKFR",0,0
"414",2008,"CKR",1,1
"415",2008,"CKSW",0,0
"416",2008,"CLGX",0,0
"417",2009,"CI",88.5576923076923,100
"418",2009,"CKFR",0,0
"419",2009,"CKR",1,1
"420",2009,"CKSW",0,0
"421",2009,"CLGX",0,0
"422",2005,"CMCSA",0,0
"423",2005,"CME",7.5,9
"424",2005,"CMX",1.96153846153846,3
"425",2005,"CNC",25.6153846153846,30
"426",2005,"CNET",50.1346153846154,70
"427",2006,"CMCSA",1,1
"428",2006,"CME",7.9622641509434,10
"429",2006,"CMX",1.67924528301887,2
"430",2006,"CNC",24,28
"431",2006,"CNET",49.4905660377358,100
"432",2007,"CMCSA",1,1
"433",2007,"CME",7.90384615384615,10
"434",2007,"CMX",1.65384615384615,3
"435",2007,"CNC",24.5576923076923,28
"436",2007,"CNET",49.5769230769231,66
"437",2008,"CME",8.32692307692308,11
"438",2008,"CMX",1.11538461538462,2
"439",2008,"CNC",23.7692307692308,27
"440",2008,"CNET",46.4230769230769,65
"441",2009,"CME",7.51923076923077,10
"442",2009,"CMX",1,1
"443",2009,"CNC",22.0192307692308,25
"444",2009,"CNET",44.8461538461538,61
"445",2005,"CNQR",0,0
"446",2005,"COF",1,1
"447",2005,"COL",5.44230769230769,7
"448",2005,"COST",81.5961538461538,92
"449",2005,"CPKI",0,0
"450",2006,"CNQR",0,0
"451",2006,"COF",1,1
"452",2006,"COL",5.52830188679245,7
"453",2006,"COST",77.3396226415094,88
"454",2006,"CPKI",0,0
"455",2007,"CNQR",0,0
"456",2007,"COF",1,1
"457",2007,"COL",5.94230769230769,7
"458",2007,"COST",76.9230769230769,84
"459",2007,"CPKI",0,0
"460",2008,"CNQR",0,0
"461",2008,"COF",1,1
"462",2008,"COL",6.38461538461539,8
"463",2008,"COST",82.4423076923077,89
"464",2008,"CPKI",0,0
"465",2009,"CNQR",0,0
"466",2009,"COF",1,1
"467",2009,"COL",7.11538461538461,8
"468",2009,"COST",92.2884615384615,100
"469",2009,"CPKI",0,0
"470",2005,"CPRT",0,0
"471",2005,"CPS",3.73076923076923,5
"472",2005,"CRD.B",0,0
"473",2005,"CS",77.3076923076923,100
"474",2005,"CSC",4.71153846153846,7
"475",2006,"CPRT",0,0
"476",2006,"CPS",3.9811320754717,5
"477",2006,"CRD.B",0,0
"478",2006,"CS",56.9622641509434,70
"479",2006,"CSC",4.54716981132075,8
"480",2007,"CPRT",0,0
"481",2007,"CPS",3.92307692307692,5
"482",2007,"CRD.B",0,0
"483",2007,"CS",55.25,74
"484",2007,"CSC",4.15384615384615,5
"485",2008,"CPRT",0,0
"486",2008,"CPS",4.05769230769231,5
"487",2008,"CRD.B",0,0
"488",2008,"CS",64.25,82
"489",2008,"CSC",4.03846153846154,6
"490",2009,"CPRT",0,0
"491",2009,"CPS",4.21153846153846,5
"492",2009,"CRD.B",0,0
"493",2009,"CS",67.4807692307692,80
"494",2009,"CSC",3.67307692307692,4
"495",2005,"CSCO",2.30769230769231,5
"496",2005,"CTX.",0,0
"497",2005,"CTXS",0,0
"498",2005,"CVC",13.2115384615385,18
"499",2005,"CVS",89.9230769230769,100
"500",2006,"CSCO",3.50943396226415,8
"501",2006,"CTX.",0,0
"502",2006,"CTXS",1,1
"503",2006,"CVC",15.1132075471698,24
"504",2006,"CVS",80.1320754716981,89
"505",2007,"CSCO",3.67307692307692,8
"506",2007,"CTX.",0,0
"507",2007,"CTXS",1,1
"508",2007,"CVC",17.6923076923077,32
"509",2007,"CVS",74.75,86
"510",2008,"CSCO",2.5,6
"511",2008,"CTX.",0,0
"512",2008,"CVC",20.5384615384615,28
"513",2008,"CVS",72.9423076923077,88
"514",2009,"CSCO",1.65384615384615,3
"515",2009,"CTX.",0,0
"516",2009,"CVC",26.8269230769231,34
"517",2009,"CVS",74.0192307692308,92
"518",2005,"D",77.3269230769231,86
"519",2005,"DANOY",0,0
"520",2005,"DASTY",0,0
"521",2006,"D",84.4716981132076,94
"522",2006,"DANOY",0,0
"523",2006,"DASTY",0,0
"524",2007,"D",92.9423076923077,100
"525",2007,"DANOY",0,0
"526",2007,"DASTY",0,0
"527",2008,"D",95.0961538461538,99
"528",2008,"DANOY",0,0
"529",2009,"D",94.5769230769231,100
"530",2009,"DANOY",0,0
"531",2005,"DDAIF",0,0
"532",2005,"DEBS",15.8846153846154,26
"533",2005,"DG",65.3269230769231,81
"534",2005,"DHI",5.61538461538461,10
"535",2005,"DIS",65.25,80
"536",2006,"DDAIF",0,0
"537",2006,"DEBS",14.6792452830189,24
"538",2006,"DG",72.0943396226415,85
"539",2006,"DHI",5.16981132075472,9
"540",2006,"DIS",73.3207547169811,98
"541",2007,"DDAIF",0,0
"542",2007,"DEBS",13.9615384615385,21
"543",2007,"DG",77.8653846153846,94
"544",2007,"DHI",4.96153846153846,7
"545",2007,"DIS",77.9807692307692,94
"546",2008,"DDAIF",0,0
"547",2008,"DEBS",13.4423076923077,19
"548",2008,"DG",83.5769230769231,93
"549",2008,"DHI",4.63461538461539,6
"550",2008,"DIS",82.9807692307692,100
"551",2009,"DDAIF",0,0
"552",2009,"DEBS",13.1730769230769,18
"553",2009,"DG",83,91
"554",2009,"DHI",4.59615384615385,6
"555",2009,"DIS",79.7692307692308,92
"556",2005,"DISH",80.75,99
"557",2005,"DJO",0.3,1
"558",2005,"DLLR",0.5,1
"559",2005,"DLTR",0,0
"560",2005,"DMHYY",0,0
"561",2006,"DISH",79.4905660377358,92
"562",2006,"DJO",1,1
"563",2006,"DLLR",0.777777777777778,1
"564",2006,"DLTR",0,0
"565",2006,"DMHYY",0,0
"566",2007,"DISH",75.2115384615385,91
"567",2007,"DJO",1,1
"568",2007,"DLLR",0.8,1
"569",2007,"DLTR",0,0
"570",2007,"DMHYY",0,0
"571",2008,"DISH",72.5384615384615,100
"572",2008,"DJO",1,1
"573",2008,"DLLR",1,1
"574",2008,"DLTR",0,0
"575",2008,"DMHYY",0,0
"576",2009,"DISH",74.1346153846154,87
"577",2009,"DJO",1,1
"578",2009,"DLLR",1,1
"579",2009,"DLTR",0,0
"580",2009,"DMHYY",0,0
"581",2005,"DNB",18.9230769230769,54
"582",2005,"DPZ",2.26923076923077,4
"583",2005,"DRCT",0.113636363636364,1
"584",2005,"DRI",20.6923076923077,25
"585",2005,"DRIV",4.30769230769231,7
"586",2006,"DNB",22.8490566037736,61
"587",2006,"DPZ",3.07547169811321,4
"588",2006,"DRCT",0.166666666666667,1
"589",2006,"DRI",19.5283018867925,25
"590",2006,"DRIV",4.30188679245283,6
"591",2007,"DNB",28.8846153846154,81
"592",2007,"DPZ",2.90384615384615,4
"593",2007,"DRCT",0.0454545454545455,1
"594",2007,"DRI",17.9038461538462,21
"595",2007,"DRIV",4.67307692307692,7
"596",2008,"DNB",36.4807692307692,94
"597",2008,"DPZ",2.73076923076923,4
"598",2008,"DRCT",0,0
"599",2008,"DRI",16.8269230769231,19
"600",2008,"DRIV",4.65384615384615,7
"601",2009,"DNB",40.8653846153846,100
"602",2009,"DPZ",2.51923076923077,3
"603",2009,"DRCT",0,0
"604",2009,"DRI",16.4807692307692,19
"605",2009,"DRIV",4.25,5
"606",2005,"DSW",1,1
"607",2005,"DTEGY",0,0
"608",2005,"EBAY",66.8269230769231,79
"609",2006,"DSW",1,1
"610",2006,"DTEGY",0,0
"611",2006,"EBAY",79.9245283018868,93
"612",2007,"DST",1.58333333333333,4
"613",2007,"DSW",1,1
"614",2007,"DTEGY",0,0
"615",2007,"DTV",1,1
"616",2007,"EBAY",88.1538461538462,100
"617",2008,"DST",1,1
"618",2008,"DSW",1,1
"619",2008,"DTEGY",0,0
"620",2008,"DTV",1,1
"621",2008,"EBAY",87.6346153846154,95
"622",2009,"DST",1,1
"623",2009,"DSW",1,1
"624",2009,"DTEGY",0,0
"625",2009,"DTV",1,1
"626",2009,"EBAY",80.8461538461538,88
"627",2005,"ECA",13.5576923076923,19
"628",2005,"ECMV",0,0
"629",2005,"EDPFY",0,0
"630",2005,"EDS",31.7115384615385,38
"631",2005,"EEFT",0,0
"632",2006,"ECA",13.7169811320755,17
"633",2006,"ECMV",0,0
"634",2006,"EDPFY",0,0
"635",2006,"EDS",28.6415094339623,36
"636",2006,"EEFT",0,0
"637",2007,"ECA",14.3269230769231,19
"638",2007,"ECMV",0,0
"639",2007,"EDPFY",0,0
"640",2007,"EDS",28.3269230769231,32
"641",2007,"EEFT",0,0
"642",2008,"ECA",15.0961538461538,18
"643",2008,"ECMV",0,0
"644",2008,"EDPFY",0,0
"645",2008,"EDS",29.6153846153846,100
"646",2008,"EEFT",0,0
"647",2009,"ECA",15.8653846153846,23
"648",2009,"ECMV",0,0
"649",2009,"EDPFY",0,0
"650",2009,"EDS",23.3653846153846,29
"651",2009,"EEFT",0,0
"652",2005,"EFX",1.34615384615385,2
"653",2005,"EK",8.53846153846154,25
"654",2005,"EMC",9.86538461538461,12
"655",2005,"ENDP",0,0
"656",2005,"ENPT",0,0
"657",2006,"EFX",1.0188679245283,2
"658",2006,"EK",10.6792452830189,25
"659",2006,"EMC",10.0566037735849,15
"660",2006,"ENDP",0,0
"661",2006,"ENPT",0,0
"662",2007,"EFX",1,1
"663",2007,"EK",11.5769230769231,35
"664",2007,"EMC",9.90384615384615,11
"665",2007,"ENDP",0,0
"666",2007,"ENPT",0,0
"667",2008,"EFX",1,1
"668",2008,"EK",18.6923076923077,100
"669",2008,"EMC",9.03846153846154,11
"670",2008,"ENDP",0,0
"671",2008,"ENPT",0,0
"672",2009,"EFX",1,1
"673",2009,"EK",12.6538461538462,27
"674",2009,"EMC",8.01923076923077,9
"675",2009,"ENDP",0,0
"676",2009,"ENPT",0,0
"677",2005,"ERJ",29.8076923076923,73
"678",2005,"ERTS",41.25,100
"679",2005,"ESRX",3.26923076923077,16
"680",2005,"EXPE",33.0769230769231,66
"681",2005,"EZPW",1.03846153846154,7
"682",2006,"ERJ",27.0566037735849,46
"683",2006,"ERTS",51.9056603773585,89
"684",2006,"ESRX",5.30188679245283,17
"685",2006,"EXPE",39.1320754716981,75
"686",2006,"EZPW",3.62264150943396,17
"687",2007,"ERJ",25.7115384615385,49
"688",2007,"ERTS",45.1923076923077,74
"689",2007,"ESRX",4.48076923076923,14
"690",2007,"EXPE",35.75,63
"691",2007,"EZPW",2.21153846153846,9
"692",2008,"ERJ",23.3461538461538,40
"693",2008,"ERTS",42.0192307692308,71
"694",2008,"ESRX",4.96153846153846,20
"695",2008,"EXPE",35.6538461538462,54
"696",2008,"EZPW",1.67307692307692,6
"697",2009,"ERJ",23.1923076923077,42
"698",2009,"ERTS",30.8461538461538,53
"699",2009,"ESRX",3.28846153846154,7
"700",2009,"EXPE",34.4423076923077,50
"701",2009,"EZPW",0.75,4
"702",2005,"F",61.8269230769231,70
"703",2005,"FADV",0,0
"704",2005,"FCFS",0,0
"705",2005,"FCN",1,1
"706",2005,"FDS",1,1
"707",2006,"F",63.0754716981132,66
"708",2006,"FADV",0,0
"709",2006,"FCFS",0,0
"710",2006,"FCN",1,1
"711",2006,"FDS",1,1
"712",2007,"F",64.5576923076923,69
"713",2007,"FADV",0,0
"714",2007,"FCFS",0,0
"715",2007,"FCN",1.05769230769231,2
"716",2007,"FDS",1,1
"717",2008,"F",72.8653846153846,80
"718",2008,"FADV",0,0
"719",2008,"FCN",1.17307692307692,2
"720",2008,"FDS",1,1
"721",2009,"F",88.3846153846154,100
"722",2009,"FADV",0,0
"723",2009,"FCN",1.03846153846154,2
"724",2009,"FDS",1,1
"725",2005,"FDX",1,1
"726",2005,"FE",71.4423076923077,84
"727",2005,"FINL",1,1
"728",2005,"FIS",6.88461538461539,13
"729",2005,"FISV",0,0
"730",2006,"FDX",1,1
"731",2006,"FE",75.9245283018868,83
"732",2006,"FIS",6.41509433962264,13
"733",2006,"FISV",0,0
"734",2007,"FDX",1,1
"735",2007,"FE",78.8653846153846,90
"736",2007,"FIS",6.71153846153846,13
"737",2007,"FISV",0,0
"738",2008,"FDX",1,1
"739",2008,"FE",79.3653846153846,89
"740",2008,"FIS",6.46153846153846,12
"741",2008,"FISV",0,0
"742",2009,"FDX",1,1
"743",2009,"FE",85.6730769230769,100
"744",2009,"FIS",6.55769230769231,13
"745",2009,"FISV",0,0
"746",2005,"FMD",7.07692307692308,12
"747",2005,"FNF",4.67307692307692,9
"748",2005,"FNM",8.15384615384615,12
"749",2005,"FORR",4.65384615384615,8
"750",2005,"FRN.2",0,0
"751",2006,"FMD",7.52830188679245,12
"752",2006,"FNF",4.86792452830189,9
"753",2006,"FNM",9.0377358490566,17
"754",2006,"FORR",5,8
"755",2006,"FRN.2",0,0
"756",2007,"FMD",7.53846153846154,13
"757",2007,"FNF",5.32692307692308,10
"758",2007,"FNM",9.86538461538461,16
"759",2007,"FORR",5,7
"760",2007,"FRN.2",0,0
"761",2008,"FMD",7.55769230769231,16
"762",2008,"FNF",7.01923076923077,9
"763",2008,"FNM",28.4230769230769,100
"764",2008,"FORR",6.05769230769231,8
"765",2008,"FRN.2",0,0
"766",2009,"FMD",7.11538461538461,10
"767",2009,"FNF",6.90384615384615,9
"768",2009,"FNM",31.3653846153846,74
"769",2009,"FORR",6,9
"770",2009,"FRN.2",0,0
"771",2005,"FRP",24.6346153846154,46
"772",2005,"FSRV",0.211538461538462,2
"773",2005,"GCA",11.9423076923077,25
"774",2005,"GDI",30.3653846153846,45
"775",2005,"GIB",24.9615384615385,33
"776",2006,"FRP",20.0566037735849,25
"777",2006,"FSRV",0.0930232558139535,1
"778",2006,"GCA",8.16981132075472,11
"779",2006,"GDI",26.811320754717,32
"780",2006,"GIB",28.7169811320755,42
"781",2007,"FRP",19.3846153846154,34
"782",2007,"FSRV",0.0512820512820513,1
"783",2007,"GCA",7.44230769230769,11
"784",2007,"GDI",27.5961538461538,40
"785",2007,"GIB",46.1153846153846,70
"786",2008,"FRP",18.1923076923077,22
"787",2008,"FSRV",0,0
"788",2008,"GCA",6.73076923076923,10
"789",2008,"GDI",25.0192307692308,30
"790",2008,"GIB",63.6923076923077,98
"791",2009,"FRP",18.6730769230769,37
"792",2009,"FSRV",0,0
"793",2009,"GCA",6.26923076923077,8
"794",2009,"GDI",22.2307692307692,27
"795",2009,"GIB",70.6923076923077,100
"796",2005,"GIL",13.8653846153846,16
"797",2005,"GLCH",0,0
"798",2005,"GM",42.5384615384615,54
"799",2005,"GMTN",0,0
"800",2005,"GOOG",8.61538461538461,15
"801",2006,"GIL",13.2452830188679,16
"802",2006,"GLCH",0,0
"803",2006,"GM",42.8679245283019,49
"804",2006,"GMTN",0,0
"805",2006,"GOOG",12.6037735849057,29
"806",2007,"GIL",12,14
"807",2007,"GLCH",0,0
"808",2007,"GM",41.4230769230769,52
"809",2007,"GMTN",0,0
"810",2007,"GOOG",11.7884615384615,19
"811",2008,"GIL",13.0192307692308,18
"812",2008,"GLCH",0,0
"813",2008,"GM",43.5192307692308,66
"814",2008,"GMTN",0,0
"815",2008,"GOOG",11.2307692307692,16
"816",2009,"GIL",12.8461538461538,14
"817",2009,"GLCH",0,0
"818",2009,"GM",45.3653846153846,100
"819",2009,"GOOG",11.1923076923077,14
"820",2005,"GPI",1,1
"821",2005,"GPS",66.5384615384615,82
"822",2005,"GS",13.2884615384615,16
"823",2005,"GSK",1.94230769230769,2
"824",2005,"GTRC",0,0
"825",2006,"GPI",1,1
"826",2006,"GPS",68.4528301886792,88
"827",2006,"GS",17.8301886792453,24
"828",2006,"GSK",1.9811320754717,3
"829",2006,"GTRC",0,0
"830",2007,"GPI",1,1
"831",2007,"GPS",73.7115384615385,100
"832",2007,"GS",21.4230769230769,27
"833",2007,"GSK",1.98076923076923,3
"834",2007,"GTRC",0,0
"835",2008,"GPI",1,1
"836",2008,"GPS",69.75,86
"837",2008,"GS",27.4230769230769,38
"838",2008,"GSK",1.88461538461538,2
"839",2008,"GTRC",0,0
"840",2009,"GPI",1,1
"841",2009,"GPS",64.1538461538462,73
"842",2009,"GS",25.1730769230769,37
"843",2009,"GSK",1.86538461538462,2
"844",2009,"GTRC",0,0
"845",2005,"GUID",2.25,3
"846",2005,"GY",1,1
"847",2005,"GYMB",0,0
"848",2005,"HD",19.9038461538462,30
"849",2005,"HEW",1.14285714285714,3
"850",2006,"GUID",2.05660377358491,3
"851",2006,"GY",1,1
"852",2006,"GYMB",0,0
"853",2006,"HD",28.2830188679245,49
"854",2006,"HEW",1,1
"855",2007,"GUID",2,2
"856",2007,"GY",1,1
"857",2007,"GYMB",0,0
"858",2007,"HD",40.2692307692308,71
"859",2008,"GUID",2,2
"860",2008,"GY",1.01923076923077,2
"861",2008,"GYMB",0,0
"862",2008,"HD",52.2692307692308,83
"863",2009,"GUID",1.98076923076923,2
"864",2009,"GY",1,1
"865",2009,"GYMB",0,0
"866",2009,"HD",67.1923076923077,100
"867",2005,"HGR",0.555555555555556,1
"868",2005,"HIG",2.01923076923077,3
"869",2005,"HIH",1.06122448979592,2
"870",2005,"HIT",83.1538461538462,99
"871",2005,"HLT",1,1
"872",2006,"HGR",0.8,1
"873",2006,"HIG",2.52830188679245,4
"874",2006,"HIH",1,1
"875",2006,"HIT",76.8679245283019,90
"876",2006,"HLT",1,1
"877",2007,"HGR",1,1
"878",2007,"HIG",4.15384615384615,7
"879",2007,"HIH",1,1
"880",2007,"HIT",76.7115384615385,89
"881",2007,"HLT",1,1
"882",2008,"HGR",1,1
"883",2008,"HIG",4.28846153846154,7
"884",2008,"HIH",1,1
"885",2008,"HIT",80.4230769230769,91
"886",2009,"HGR",1,1
"887",2009,"HIG",3.05769230769231,5
"888",2009,"HIH",1,1
"889",2009,"HIT",88.5192307692308,100
"890",2009,"HLT",1,1
"891",2005,"HMN",0.878787878787879,1
"892",2005,"HNT",1.88,4
"893",2005,"HON",21.6538461538462,27
"894",2005,"HPQ",3.71153846153846,8
"895",2005,"HPY",0.870967741935484,1
"896",2006,"HMN",0.964285714285714,1
"897",2006,"HNT",5.43396226415094,9
"898",2006,"HON",21.9245283018868,26
"899",2006,"HPQ",5.84905660377358,12
"900",2006,"HPY",0.95,1
"901",2007,"HMN",1,1
"902",2007,"HNT",5.84615384615385,11
"903",2007,"HON",24.5576923076923,29
"904",2007,"HPQ",5.59615384615385,10
"905",2007,"HPY",1,1
"906",2008,"HMN",1,1
"907",2008,"HNT",3.11538461538462,5
"908",2008,"HON",33.0384615384615,39
"909",2008,"HPQ",4.51923076923077,8
"910",2008,"HPY",1,1
"911",2009,"HMN",1,1
"912",2009,"HNT",1.32692307692308,2
"913",2009,"HON",62.7692307692308,100
"914",2009,"HPQ",3.55769230769231,6
"915",2009,"HPY",1,1
"916",2005,"HRB",2.12,4
"917",2005,"HRH",2.28846153846154,15
"918",2005,"HS",58.75,69
"919",2005,"HSIC",0.15625,1
"920",2005,"HTZ",1.06818181818182,2
"921",2006,"HRB",1.92452830188679,3
"922",2006,"HRH",1.84615384615385,3
"923",2006,"HS",65.9433962264151,76
"924",2006,"HSIC",0.0833333333333333,1
"925",2006,"HTZ",1.12765957446809,2
"926",2007,"HRB",2.05769230769231,3
"927",2007,"HRH",1.59615384615385,3
"928",2007,"HS",74.2884615384615,93
"929",2007,"HSIC",0,0
"930",2007,"HTZ",1.06,2
"931",2008,"HRB",1.98076923076923,3
"932",2008,"HRH",1.59615384615385,3
"933",2008,"HS",80.7115384615385,100
"934",2008,"HSIC",0,0
"935",2008,"HTZ",1.17647058823529,2
"936",2009,"HRB",1.67307692307692,3
"937",2009,"HRH",1.32692307692308,2
"938",2009,"HS",83.1346153846154,98
"939",2009,"HSIC",0,0
"940",2009,"HTZ",1.94230769230769,6
"941",2005,"HUM",2.17307692307692,3
"942",2005,"IACI",0,0
"943",2005,"ICAGY",0,0
"944",2005,"ICE",59.2115384615385,86
"945",2006,"HUM",2.0377358490566,3
"946",2006,"ICAGY",0,0
"947",2006,"ICE",66.5283018867924,100
"948",2007,"HUM",2.13461538461538,3
"949",2007,"ICAGY",0,0
"950",2007,"ICE",58.7884615384615,79
"951",2008,"HUM",3.05769230769231,6
"952",2008,"ICAGY",0,0
"953",2008,"ICE",58.4807692307692,84
"954",2009,"HUM",3.86538461538462,5
"955",2009,"IACI",0,0
"956",2009,"ICAGY",0,0
"957",2009,"ICE",61.3846153846154,84
"958",2005,"IDMCQ",0,0
"959",2005,"IDN",26.1346153846154,100
"960",2005,"INTX",1.59615384615385,5
"961",2005,"IPAR",11.75,22
"962",2005,"IPX",63.5,99
"963",2006,"IDMCQ",0,0
"964",2006,"IDN",19.188679245283,30
"965",2006,"INTX",2.0377358490566,5
"966",2006,"IPAR",13.4150943396226,22
"967",2006,"IPX",44.1698113207547,65
"968",2007,"IDMCQ",0,0
"969",2007,"IDN",21.3846153846154,31
"970",2007,"INTX",1.42307692307692,3
"971",2007,"IPAR",15.5,23
"972",2007,"IPX",38.0384615384615,58
"973",2008,"IDMCQ",0.153846153846154,3
"974",2008,"IDN",17.0961538461538,23
"975",2008,"INTX",1.23076923076923,4
"976",2008,"IPAR",17.9230769230769,25
"977",2008,"IPX",31.1730769230769,38
"978",2009,"IDMCQ",0.205128205128205,1
"979",2009,"IDN",17.2692307692308,24
"980",2009,"INTX",1.25,3
"981",2009,"IPAR",21.8461538461538,32
"982",2009,"IPX",25.8461538461538,33
"983",2005,"IR",6.28846153846154,8
"984",2005,"IVGN",0,0
"985",2005,"JAVA",87.8461538461538,100
"986",2005,"JLL",0,0
"987",2006,"IR",5.9811320754717,7
"988",2006,"IVGN",0,0
"989",2006,"JAVA",71.1509433962264,80
"990",2007,"IR",6.34615384615385,7
"991",2007,"IVGN",0,0
"992",2007,"JAVA",63.3653846153846,69
"993",2008,"IR",7.01923076923077,8
"994",2008,"IVGN",0,0
"995",2008,"JAVA",54.3076923076923,60
"996",2009,"IR",7.73076923076923,9
"997",2009,"IVGN",0,0
"998",2009,"JAVA",47.9230769230769,53
"999",2005,"JNPR",6.09615384615385,16
"1000",2005,"JTX",3.53846153846154,10
"1001",2005,"JWN",4.05769230769231,13
"1002",2005,"KBH",68.8269230769231,100
"1003",2005,"KCI",68.8269230769231,97
"1004",2006,"JNPR",10.6603773584906,22
"1005",2006,"JTX",3.0377358490566,8
"1006",2006,"JWN",4.0377358490566,8
"1007",2006,"KBH",70.8867924528302,88
"1008",2006,"KCI",65.8679245283019,96
"1009",2007,"JNPR",9.80769230769231,28
"1010",2007,"JTX",2.82692307692308,7
"1011",2007,"JWN",4.44230769230769,8
"1012",2007,"KBH",70.1923076923077,84
"1013",2007,"KCI",62.6730769230769,80
"1014",2008,"JNPR",7.38461538461539,18
"1015",2008,"JTX",2.82692307692308,10
"1016",2008,"JWN",3.53846153846154,6
"1017",2008,"KBH",78.3076923076923,92
"1018",2008,"KCI",53.7307692307692,72
"1019",2009,"JNPR",4.82692307692308,9
"1020",2009,"JTX",3.21153846153846,9
"1021",2009,"JWN",2.80392156862745,5
"1022",2009,"KBH",64.6538461538462,81
"1023",2009,"KCI",55.4807692307692,67
"1024",2005,"KFT",7.13461538461539,9
"1025",2005,"LAB",86.7115384615385,100
"1026",2005,"LCC",2.86538461538462,4
"1027",2005,"LDG",0.846153846153846,1
"1028",2005,"LEHMQ",0,0
"1029",2006,"KFT",8.33962264150943,10
"1030",2006,"LAB",78.5660377358491,94
"1031",2006,"LCC",2.71698113207547,4
"1032",2006,"LDG",1,1
"1033",2006,"LEHMQ",0,0
"1034",2007,"KFT",9.61538461538461,11
"1035",2007,"LAB",73.9230769230769,82
"1036",2007,"LCC",2.53846153846154,3
"1037",2007,"LDG",1,1
"1038",2007,"LEHMQ",0,0
"1039",2008,"KFT",10.0384615384615,12
"1040",2008,"LAB",73.1923076923077,81
"1041",2008,"LCC",2.80769230769231,3
"1042",2008,"LDG",1,1
"1043",2008,"LEHMQ",0.05,1
"1044",2009,"KFT",12.5384615384615,15
"1045",2009,"LAB",70.8076923076923,81
"1046",2009,"LCC",2.61538461538462,3
"1047",2009,"LDG",1,1
"1048",2009,"LEHMQ",0,0
"1049",2005,"LFC",35.5384615384615,80
"1050",2005,"LFG",4.30769230769231,9
"1051",2005,"LKQX",0.192307692307692,3
"1052",2005,"LMT",15.1923076923077,21
"1053",2005,"LNY",0.557692307692308,2
"1054",2006,"LFC",40.7924528301887,63
"1055",2006,"LFG",7.52830188679245,13
"1056",2006,"LKQX",0.226415094339623,1
"1057",2006,"LMT",18.5283018867925,26
"1058",2006,"LNY",0.849056603773585,2
"1059",2007,"LFC",50.2692307692308,69
"1060",2007,"LFG",25.4615384615385,39
"1061",2007,"LKQX",0.354838709677419,1
"1062",2007,"LMT",18.9038461538462,25
"1063",2007,"LNY",0.966666666666667,2
"1064",2008,"LFC",55.1538461538462,79
"1065",2008,"LFG",45.7115384615385,70
"1066",2008,"LKQX",0.590909090909091,1
"1067",2008,"LMT",21.2692307692308,30
"1068",2008,"LNY",0.953488372093023,1
"1069",2009,"LFC",52.2692307692308,78
"1070",2009,"LFG",67.2884615384615,100
"1071",2009,"LKQX",0.214285714285714,1
"1072",2009,"LMT",22.0769230769231,26
"1073",2009,"LNY",0.966666666666667,1
"1074",2005,"LOGI",1,1
"1075",2005,"LOW",86.5,100
"1076",2005,"LPX",0,0
"1077",2005,"LRCX",0,0
"1078",2005,"LSCC",0,0
"1079",2006,"LOGI",1,1
"1080",2006,"LOW",81.188679245283,89
"1081",2006,"LRCX",0,0
"1082",2006,"LSCC",0,0
"1083",2007,"LOGI",1,1
"1084",2007,"LOW",77.5576923076923,84
"1085",2007,"LRCX",0,0
"1086",2007,"LSCC",0,0
"1087",2008,"LOGI",1,1
"1088",2008,"LOW",82.9230769230769,92
"1089",2008,"LRCX",0,0
"1090",2008,"LSCC",0,0
"1091",2009,"LOGI",1,1
"1092",2009,"LOW",80.7307692307692,88
"1093",2009,"LRCX",0,0
"1094",2005,"LU",4.53846153846154,5
"1095",2005,"LXK",0,0
"1096",2005,"MA",63.4230769230769,70
"1097",2005,"MAR",29.4807692307692,35
"1098",2005,"MBT",1.01923076923077,2
"1099",2006,"LU",4.81132075471698,6
"1100",2006,"LXK",0,0
"1101",2006,"MA",68.9056603773585,76
"1102",2006,"MAR",28.6792452830189,34
"1103",2006,"MBT",1,1
"1104",2007,"LU",4.94230769230769,5
"1105",2007,"LXK",0,0
"1106",2007,"MA",75.0192307692308,86
"1107",2007,"MAR",28.2884615384615,34
"1108",2007,"MBT",1,1
"1109",2008,"LU",5.11538461538461,6
"1110",2008,"LXK",0,0
"1111",2008,"MA",86.1730769230769,96
"1112",2008,"MAR",28.7884615384615,34
"1113",2008,"MBT",1.05769230769231,2
"1114",2009,"LU",6.44230769230769,8
"1115",2009,"LXK",0,0
"1116",2009,"MA",92.5,100
"1117",2009,"MAR",29.8846153846154,35
"1118",2009,"MBT",1.11538461538462,2
"1119",2005,"MCD",23.9038461538462,30
"1120",2005,"MCO",22.1346153846154,32
"1121",2005,"MDR",51.3653846153846,63
"1122",2005,"MDS",76,100
"1123",2005,"MEDI",52.7115384615385,65
"1124",2006,"MCD",31.4339622641509,72
"1125",2006,"MCO",20.0566037735849,28
"1126",2006,"MDR",51.9056603773585,65
"1127",2006,"MDS",69.0377358490566,86
"1128",2006,"MEDI",57.3584905660377,66
"1129",2007,"MCD",30.7115384615385,67
"1130",2007,"MCO",18.4230769230769,22
"1131",2007,"MDR",53.5961538461538,73
"1132",2007,"MDS",63.8653846153846,72
"1133",2007,"MEDI",59.4615384615385,68
"1134",2008,"MCD",31.8076923076923,46
"1135",2008,"MCO",18.1538461538462,25
"1136",2008,"MDR",55.9615384615385,63
"1137",2008,"MDS",56.2115384615385,64
"1138",2008,"MEDI",59.6923076923077,69
"1139",2009,"MCD",29.8076923076923,49
"1140",2009,"MCO",16.6923076923077,20
"1141",2009,"MDR",56.7884615384615,65
"1142",2009,"MDS",53.0576923076923,58
"1143",2009,"MEDI",56.5192307692308,64
"1144",2005,"MER",65.9423076923077,93
"1145",2005,"MFE",1.3,2
"1146",2005,"MGI",3.75,5
"1147",2005,"MGLN",0,0
"1148",2005,"MHS",2.28846153846154,4
"1149",2006,"MER",66.8490566037736,98
"1150",2006,"MFE",1.22448979591837,2
"1151",2006,"MGI",2.94339622641509,5
"1152",2006,"MGLN",0,0
"1153",2006,"MHS",2.24528301886792,4
"1154",2007,"MER",67.75,94
"1155",2007,"MFE",1.17307692307692,2
"1156",2007,"MGI",2.26923076923077,3
"1157",2007,"MGLN",0,0
"1158",2007,"MHS",2.5,4
"1159",2008,"MER",68.8076923076923,92
"1160",2008,"MFE",1.25,2
"1161",2008,"MGI",2.11538461538462,3
"1162",2008,"MGLN",0,0
"1163",2008,"MHS",2.48076923076923,3
"1164",2009,"MER",71,100
"1165",2009,"MFE",1.03846153846154,2
"1166",2009,"MGI",1.76923076923077,2
"1167",2009,"MGLN",0,0
"1168",2009,"MHS",2.53846153846154,3
"1169",2005,"MLNK",0,0
"1170",2005,"MMC",81.3461538461538,100
"1171",2005,"MOH",19.4615384615385,27
"1172",2005,"MOVI",22.2115384615385,28
"1173",2005,"MSFT",12.75,26
"1174",2006,"MLNK",0,0
"1175",2006,"MMC",64.3018867924528,82
"1176",2006,"MOH",14.8490566037736,23
"1177",2006,"MOVI",23.6415094339623,31
"1178",2006,"MSFT",18.2830188679245,37
"1179",2007,"MLNK",0,0
"1180",2007,"MMC",52.7115384615385,73
"1181",2007,"MOH",17.3653846153846,36
"1182",2007,"MOVI",26.6730769230769,38
"1183",2007,"MSFT",13.8653846153846,29
"1184",2008,"MLNK",0,0
"1185",2008,"MMC",39.0769230769231,59
"1186",2008,"MOH",13.6538461538462,17
"1187",2008,"MOVI",32.6538461538462,41
"1188",2008,"MSFT",13.0576923076923,25
"1189",2009,"MLNK",0,0
"1190",2009,"MMC",33.3076923076923,42
"1191",2009,"MOH",13.1346153846154,23
"1192",2009,"MOVI",34.3076923076923,42
"1193",2009,"MSFT",8.82692307692308,16
"1194",2005,"MTD",54.4423076923077,85
"1195",2005,"MWV",5.19230769230769,9
"1196",2005,"NCR",52.1730769230769,92
"1197",2005,"NDAQ",0.807692307692308,3
"1198",2005,"NEE",42.5384615384615,96
"1199",2006,"MTD",46.9245283018868,79
"1200",2006,"MWV",4.94339622641509,8
"1201",2006,"NCR",45.0377358490566,61
"1202",2006,"NDAQ",1.56603773584906,4
"1203",2006,"NEE",40.3584905660377,51
"1204",2007,"MTD",44.7692307692308,66
"1205",2007,"MWV",4,7
"1206",2007,"NCR",44.7692307692308,54
"1207",2007,"NDAQ",1.42,4
"1208",2007,"NEE",43.25,100
"1209",2008,"MTD",43.0576923076923,69
"1210",2008,"MWV",3.82692307692308,5
"1211",2008,"NCR",44.75,55
"1212",2008,"NDAQ",1.07142857142857,2
"1213",2008,"NEE",47.0576923076923,68
"1214",2009,"MTD",41.1153846153846,64
"1215",2009,"MWV",3.57692307692308,5
"1216",2009,"NCR",49.25,76
"1217",2009,"NDAQ",0.977272727272727,1
"1218",2009,"NEE",48.9615384615385,58
"1219",2005,"NFS",36.0192307692308,93
"1220",2005,"NHYDY",0,0
"1221",2005,"NMHC",0,0
"1222",2005,"NNI",1,1
"1223",2006,"NFS",39.5471698113208,100
"1224",2006,"NHYDY",0,0
"1225",2006,"NMHC",0,0
"1226",2006,"NNI",1,1
"1227",2007,"NFS",39.0192307692308,67
"1228",2007,"NHYDY",0,0
"1229",2007,"NMHC",0,0
"1230",2008,"NFS",40.3076923076923,85
"1231",2008,"NHYDY",0,0
"1232",2008,"NLY",1,1
"1233",2009,"NFS",41.5769230769231,75
"1234",2009,"NHYDY",0,0
"1235",2005,"NOK",50.9038461538462,64
"1236",2005,"NSSC",2.03846153846154,5
"1237",2005,"NTRT",0.134615384615385,1
"1238",2005,"NTY",2.44230769230769,5
"1239",2005,"NUAN",2.36538461538462,8
"1240",2006,"NOK",64.1509433962264,77
"1241",2006,"NSSC",1.77358490566038,5
"1242",2006,"NTRT",0.377358490566038,1
"1243",2006,"NTY",2.69811320754717,5
"1244",2006,"NUAN",3.94339622641509,6
"1245",2007,"NOK",78.5769230769231,91
"1246",2007,"NSSC",1.46153846153846,2
"1247",2007,"NTRT",0.24,1
"1248",2007,"NTY",2.98076923076923,5
"1249",2007,"NUAN",4.80769230769231,9
"1250",2008,"NOK",83.1538461538462,95
"1251",2008,"NSSC",1.34615384615385,3
"1252",2008,"NTRT",0.0810810810810811,1
"1253",2008,"NTY",3.36538461538462,6
"1254",2008,"NUAN",3.90384615384615,6
"1255",2009,"NOK",85.25,100
"1256",2009,"NSSC",1.13725490196078,2
"1257",2009,"NTRT",0,0
"1258",2009,"NTY",3.71153846153846,5
"1259",2009,"NUAN",3.05769230769231,5
"1260",2005,"NVLS",0.0344827586206897,1
"1261",2005,"NYER",0.5,1
"1262",2005,"NYX",2.40384615384615,4
"1263",2005,"OCENY",3.55769230769231,7
"1264",2005,"OCR",65.9230769230769,95
"1265",2006,"NVLS",0.185185185185185,1
"1266",2006,"NYER",0.4,1
"1267",2006,"NYX",4.09433962264151,9
"1268",2006,"OCENY",3.58490566037736,7
"1269",2006,"OCR",55.9433962264151,84
"1270",2007,"NVLS",0.222222222222222,1
"1271",2007,"NYER",0,0
"1272",2007,"NYX",6.65384615384615,10
"1273",2007,"OCENY",3.98076923076923,8
"1274",2007,"OCR",52.0384615384615,87
"1275",2008,"NVLS",0,0
"1276",2008,"NYER",1,1
"1277",2008,"NYX",5.21153846153846,7
"1278",2008,"OCENY",3.96153846153846,7
"1279",2008,"OCR",51.5769230769231,100
"1280",2009,"NVLS",0,0
"1281",2009,"NYER",0.5,1
"1282",2009,"NYX",8.15384615384615,12
"1283",2009,"OCENY",3.86538461538462,6
"1284",2009,"OCR",48.9615384615385,88
"1285",2005,"OMI",63.0384615384615,100
"1286",2005,"OMX",16.3461538461538,36
"1287",2005,"OPTN",0.903846153846154,6
"1288",2005,"ORCL",19.0576923076923,43
"1289",2005,"OXPS",1,8
"1290",2006,"OMI",51.3584905660377,71
"1291",2006,"OMX",29.8679245283019,82
"1292",2006,"OPTN",1.15094339622642,6
"1293",2006,"ORCL",29.0754716981132,59
"1294",2006,"OXPS",3.07547169811321,12
"1295",2007,"OMI",46.9423076923077,63
"1296",2007,"OMX",35.7115384615385,54
"1297",2007,"OPTN",0.942307692307692,3
"1298",2007,"ORCL",29.0384615384615,54
"1299",2007,"OXPS",1.46153846153846,5
"1300",2008,"OMI",48.6346153846154,71
"1301",2008,"OMX",35.3653846153846,75
"1302",2008,"OPTN",1,4
"1303",2008,"ORCL",20.75,41
"1304",2008,"OXPS",0.730769230769231,3
"1305",2009,"OMI",48.5,63
"1306",2009,"OMX",31.4615384615385,49
"1307",2009,"OPTN",0.84,2
"1308",2009,"ORCL",14.4615384615385,35
"1309",2009,"OXPS",0.395833333333333,2
"1310",2005,"OXY",3.59615384615385,5
"1311",2005,"PAYX",0.1,1
"1312",2005,"PBG",1,1
"1313",2005,"PBI",2.17307692307692,3
"1314",2005,"PETS",52.7692307692308,72
"1315",2006,"OXY",4.0377358490566,6
"1316",2006,"PAYX",0,0
"1317",2006,"PBG",1,1
"1318",2006,"PBI",2.18867924528302,3
"1319",2006,"PETS",57.8679245283019,90
"1320",2007,"OXY",3.78846153846154,5
"1321",2007,"PAYX",0,0
"1322",2007,"PBG",1,1
"1323",2007,"PBI",2.01923076923077,3
"1324",2007,"PETS",59.5576923076923,69
"1325",2008,"OXY",3.86538461538462,5
"1326",2008,"PAYX",0,0
"1327",2008,"PBG",1,1
"1328",2008,"PBI",2,3
"1329",2008,"PETS",56.9423076923077,67
"1330",2009,"OXY",3.65384615384615,8
"1331",2009,"PAYX",0,0
"1332",2009,"PBG",1,1
"1333",2009,"PBI",1.98076923076923,3
"1334",2009,"PETS",62.0384615384615,100
"1335",2005,"PFCB",0.519230769230769,4
"1336",2005,"PFE",31.8461538461538,52
"1337",2005,"PFG",11.9230769230769,24
"1338",2005,"PGR",46.3653846153846,83
"1339",2005,"PHM",15.5961538461538,32
"1340",2006,"PFCB",0.433962264150943,2
"1341",2006,"PFE",35.3396226415094,79
"1342",2006,"PFG",11.0377358490566,21
"1343",2006,"PGR",51.3584905660377,78
"1344",2006,"PHM",17.4339622641509,30
"1345",2007,"PFCB",0.647058823529412,2
"1346",2007,"PFE",24.7884615384615,44
"1347",2007,"PFG",11.5384615384615,18
"1348",2007,"PGR",51.5576923076923,100
"1349",2007,"PHM",15.4038461538462,23
"1350",2008,"PFCB",0.342857142857143,2
"1351",2008,"PFE",24.2307692307692,36
"1352",2008,"PFG",12.2307692307692,18
"1353",2008,"PGR",46.0384615384615,56
"1354",2008,"PHM",14.9615384615385,23
"1355",2009,"PFCB",0.117647058823529,1
"1356",2009,"PFE",22.1730769230769,35
"1357",2009,"PFG",12.8076923076923,20
"1358",2009,"PGR",44.9038461538462,78
"1359",2009,"PHM",18.2884615384615,27
"1360",2005,"PJC",12.1730769230769,27
"1361",2005,"PLT",57.5576923076923,84
"1362",2005,"PNSN",0.653846153846154,5
"1363",2005,"PNTR",0.538461538461538,5
"1364",2005,"PRU",42.5,69
"1365",2006,"PJC",12.2452830188679,29
"1366",2006,"PLT",49.6415094339623,72
"1367",2006,"PNSN",0.981132075471698,5
"1368",2006,"PNTR",3.54716981132075,28
"1369",2006,"PRU",47.6981132075472,69
"1370",2007,"PJC",13.7307692307692,21
"1371",2007,"PLT",46.4423076923077,60
"1372",2007,"PNSN",1.09615384615385,6
"1373",2007,"PNTR",1,7
"1374",2007,"PRU",61.0192307692308,77
"1375",2008,"PJC",16.8269230769231,36
"1376",2008,"PLT",45.3076923076923,58
"1377",2008,"PNSN",0.980769230769231,3
"1378",2008,"PNTR",0.634615384615385,3
"1379",2008,"PRU",65.0384615384615,100
"1380",2009,"PJC",15.5576923076923,23
"1381",2009,"PLT",41.5769230769231,51
"1382",2009,"PNSN",0.581395348837209,2
"1383",2009,"PNTR",0.35,2
"1384",2009,"PRU",53.7307692307692,75
"1385",2005,"PSA",71.4807692307692,82
"1386",2005,"PTRY",0,0
"1387",2005,"PUK",17.6538461538462,22
"1388",2005,"PZZA",1.11627906976744,2
"1389",2005,"RAD",79.6923076923077,95
"1390",2006,"PSA",69.3207547169811,83
"1391",2006,"PTRY",0.0909090909090909,1
"1392",2006,"PUK",18,24
"1393",2006,"PZZA",1.04081632653061,2
"1394",2006,"RAD",77.2452830188679,100
"1395",2007,"PSA",67.4423076923077,79
"1396",2007,"PTRY",0,0
"1397",2007,"PUK",19.9807692307692,25
"1398",2007,"PZZA",1.16,2
"1399",2007,"RAD",79.1923076923077,98
"1400",2008,"PSA",67.0576923076923,74
"1401",2008,"PTRY",0,0
"1402",2008,"PUK",20.9038461538462,26
"1403",2008,"PZZA",1.15384615384615,2
"1404",2008,"RAD",76.0961538461538,87
"1405",2009,"PSA",70.0576923076923,86
"1406",2009,"PTRY",0,0
"1407",2009,"PUK",21.9423076923077,28
"1408",2009,"PZZA",1.15384615384615,2
"1409",2009,"RAD",73.5961538461538,86
"1410",2005,"REG",88.6153846153846,100
"1411",2005,"RGA",2.57692307692308,4
"1412",2005,"RGS",4.90384615384615,7
"1413",2005,"RIMM",4.84615384615385,8
"1414",2005,"RJF",0.851851851851852,1
"1415",2006,"REG",79.0188679245283,90
"1416",2006,"RGA",2.86792452830189,4
"1417",2006,"RGS",4.90566037735849,7
"1418",2006,"RIMM",4.35849056603774,8
"1419",2006,"RJF",1,1
"1420",2007,"REG",69.2884615384615,81
"1421",2007,"RGA",2.92307692307692,4
"1422",2007,"RGS",4.84615384615385,6
"1423",2007,"RIMM",6.59615384615385,17
"1424",2007,"RJF",1,1
"1425",2008,"REG",64.2884615384615,75
"1426",2008,"RGA",2.96153846153846,5
"1427",2008,"RGS",4.96153846153846,6
"1428",2008,"RIMM",7.11538461538461,13
"1429",2008,"RJF",1,1
"1430",2009,"REG",61.7115384615385,71
"1431",2009,"RGA",3.05769230769231,4
"1432",2009,"RGS",4.63461538461539,6
"1433",2009,"RIMM",4.55769230769231,9
"1434",2005,"RL",82.1153846153846,100
"1435",2005,"RMK",14.5769230769231,26
"1436",2005,"RNWK",1.40384615384615,7
"1437",2005,"ROST",27.4423076923077,40
"1438",2005,"RSG",17.5,27
"1439",2006,"RL",77.6415094339623,89
"1440",2006,"RMK",14.6981132075472,20
"1441",2006,"RNWK",1.37735849056604,4
"1442",2006,"ROST",26.7547169811321,55
"1443",2006,"RSG",20.4150943396226,28
"1444",2007,"RL",81.0769230769231,97
"1445",2007,"RMK",15.5192307692308,22
"1446",2007,"RNWK",1.28888888888889,3
"1447",2007,"ROST",27.0192307692308,54
"1448",2007,"RSG",21.0576923076923,26
"1449",2008,"RL",88.2115384615385,99
"1450",2008,"RMK",17.5,23
"1451",2008,"RNWK",0.939393939393939,1
"1452",2008,"ROST",25.25,29
"1453",2008,"RSG",22.0769230769231,28
"1454",2009,"RL",86.0192307692308,98
"1455",2009,"RMK",16.4807692307692,22
"1456",2009,"RNWK",0.666666666666667,1
"1457",2009,"ROST",26.4807692307692,33
"1458",2009,"RSG",22.8076923076923,30
"1459",2005,"RSH",1,1
"1460",2005,"S",73.1538461538462,92
"1461",2005,"SAI",3.30769230769231,5
"1462",2005,"SAP",15.9807692307692,18
"1463",2006,"RSH",1,1
"1464",2006,"S",74.9433962264151,78
"1465",2006,"SAI",3.52830188679245,5
"1466",2006,"SAP",15.4528301886792,18
"1467",2006,"SBUX",1,1
"1468",2007,"RSH",1,1
"1469",2007,"S",82.8269230769231,92
"1470",2007,"SAI",4.46153846153846,5
"1471",2007,"SAP",16.0192307692308,18
"1472",2008,"RSH",1,1
"1473",2008,"S",83.6538461538462,87
"1474",2008,"SAI",5.59615384615385,6
"1475",2008,"SAP",15.7884615384615,18
"1476",2008,"SBUX",1,1
"1477",2009,"RSH",1,1
"1478",2009,"S",87.3461538461538,100
"1479",2009,"SAI",7.26923076923077,9
"1480",2009,"SAP",14.5192307692308,16
"1481",2005,"SCHW",1,1
"1482",2005,"SDXAY",0,0
"1483",2005,"SHLD",0.857142857142857,1
"1484",2005,"SIE",45.9038461538462,57
"1485",2005,"SJR",1,1
"1486",2006,"SCHW",1,1
"1487",2006,"SDXAY",0,0
"1488",2006,"SHLD",1,1
"1489",2006,"SIE",56.1698113207547,68
"1490",2006,"SJR",1,1
"1491",2007,"SCHW",1,1
"1492",2007,"SDXAY",0,0
"1493",2007,"SHLD",1,1
"1494",2007,"SIE",64.7307692307692,80
"1495",2007,"SJR",1,1
"1496",2008,"SCHW",1,1
"1497",2008,"SDXAY",0,0
"1498",2008,"SHLD",1,1
"1499",2008,"SIE",76.0961538461538,93
"1500",2008,"SJR",1,1
"1501",2009,"SDXAY",0,0
"1502",2009,"SIE",86.6346153846154,100
"1503",2009,"SJR",1,1
"1504",2005,"SKRRF",0,0
"1505",2005,"SLM",31.75,50
"1506",2005,"SMTC",4.92307692307692,10
"1507",2005,"SPSX",0.461538461538462,4
"1508",2005,"SRX",61.0576923076923,78
"1509",2006,"SKRRF",0,0
"1510",2006,"SLM",38.8867924528302,48
"1511",2006,"SMTC",4.92452830188679,11
"1512",2006,"SPSX",0.452830188679245,2
"1513",2006,"SRX",54.3018867924528,74
"1514",2007,"SKRRF",0,0
"1515",2007,"SLM",45.4615384615385,63
"1516",2007,"SMTC",3.71153846153846,7
"1517",2007,"SPSX",0.480769230769231,2
"1518",2007,"SRX",48.3653846153846,61
"1519",2008,"SKRRF",0.134615384615385,1
"1520",2008,"SLM",50.4038461538462,59
"1521",2008,"SMTC",3.23076923076923,5
"1522",2008,"SPSX",0.489795918367347,1
"1523",2008,"SRX",46.1923076923077,56
"1524",2009,"SKRRF",0,0
"1525",2009,"SLM",41.1538461538462,57
"1526",2009,"SMTC",2.86538461538462,5
"1527",2009,"SPSX",0.24,1
"1528",2009,"SRX",65.7884615384615,100
"1529",2005,"SSCC",4.34615384615385,8
"1530",2005,"STC",43.8846153846154,56
"1531",2005,"STX",29.7692307692308,39
"1532",2005,"SWS",16.8461538461538,25
"1533",2005,"SWY",1.26923076923077,3
"1534",2006,"SSCC",4.11320754716981,6
"1535",2006,"STC",42.7924528301887,51
"1536",2006,"STX",35.6981132075472,48
"1537",2006,"SWS",16.6415094339623,23
"1538",2006,"SWY",1.29411764705882,3
"1539",2007,"SSCC",3.94230769230769,5
"1540",2007,"STC",47.5,56
"1541",2007,"STX",31.8846153846154,40
"1542",2007,"SWS",17.6730769230769,23
"1543",2007,"SWY",1.23404255319149,3
"1544",2008,"SSCC",4.15384615384615,6
"1545",2008,"STC",56.8461538461538,70
"1546",2008,"STX",29.3269230769231,35
"1547",2008,"SWS",17.7307692307692,23
"1548",2008,"SWY",1.11764705882353,2
"1549",2009,"SSCC",4.19230769230769,10
"1550",2009,"STC",80.2884615384615,100
"1551",2009,"STX",30.4423076923077,37
"1552",2009,"SWS",16.6730769230769,21
"1553",2009,"SWY",1.07843137254902,2
"1554",2005,"SYMC",0,0
"1555",2005,"T",74.9423076923077,80
"1556",2005,"TAP",7.73076923076923,10
"1557",2005,"TBI",1,1
"1558",2005,"TEF",1,1
"1559",2006,"T",77.0566037735849,85
"1560",2006,"TAP",8.05660377358491,9
"1561",2006,"TBI",1,1
"1562",2007,"T",82.5,92
"1563",2007,"TAP",8.34615384615385,10
"1564",2007,"TBI",1,1
"1565",2008,"T",87.4230769230769,100
"1566",2008,"TAP",9.84615384615385,11
"1567",2008,"TBI",1,1
"1568",2009,"T",88.1346153846154,94
"1569",2009,"TAP",14.2692307692308,19
"1570",2009,"TBI",1,1
"1571",2005,"TEX",73.3269230769231,100
"1572",2005,"TGT",3.5,7
"1573",2005,"THC",29.8461538461538,40
"1574",2005,"TJX",1.90384615384615,4
"1575",2005,"TM",81.5576923076923,92
"1576",2006,"TEX",64.377358490566,83
"1577",2006,"TGT",2.92452830188679,5
"1578",2006,"THC",27.2264150943396,40
"1579",2006,"TJX",1.54,3
"1580",2006,"TM",82.9056603773585,92
"1581",2007,"TEX",60.6538461538462,73
"1582",2007,"TGT",2.86538461538462,5
"1583",2007,"THC",25.9423076923077,31
"1584",2007,"TJX",2.61538461538462,10
"1585",2007,"TM",85.9423076923077,98
"1586",2008,"TEX",58.6346153846154,68
"1587",2008,"TGT",2.75,4
"1588",2008,"THC",25.7884615384615,30
"1589",2008,"TJX",1.73076923076923,3
"1590",2008,"TM",85.4807692307692,93
"1591",2009,"TEX",55.7692307692308,66
"1592",2009,"TGT",2.75,4
"1593",2009,"THC",26.0769230769231,30
"1594",2009,"TJX",1.71153846153846,3
"1595",2009,"TM",85.1923076923077,92
"1596",2005,"TOT",16.5,23
"1597",2005,"TRI.Z",0,0
"1598",2005,"TROW",1,1
"1599",2005,"TRV",2.44230769230769,4
"1600",2005,"TSS",2.40384615384615,3
"1601",2006,"TOT",17.9811320754717,29
"1602",2006,"TRI.Z",0,0
"1603",2006,"TROW",1,1
"1604",2006,"TRV",1.71698113207547,2
"1605",2006,"TSS",2.20754716981132,3
"1606",2007,"TOT",18.6538461538462,35
"1607",2007,"TRI.Z",0,0
"1608",2007,"TROW",1,1
"1609",2007,"TRV",1.17307692307692,2
"1610",2007,"TSS",2.32692307692308,3
"1611",2008,"TOT",20.8653846153846,47
"1612",2008,"TRI.Z",0,0
"1613",2008,"TROW",1,1
"1614",2008,"TRV",1.15384615384615,2
"1615",2008,"TSS",2.65384615384615,3
"1616",2009,"TOT",27.3076923076923,100
"1617",2009,"TRI.Z",0,0
"1618",2009,"TROW",1,1
"1619",2009,"TRV",1.28846153846154,2
"1620",2009,"TSS",2.46153846153846,3
"1621",2005,"TTEC",0,0
"1622",2005,"TUC",11.75,18
"1623",2005,"TUP",2.67307692307692,6
"1624",2005,"TWTRQ",0,0
"1625",2005,"TWX",1.77083333333333,4
"1626",2006,"TTEC",0.037037037037037,1
"1627",2006,"TUC",11.4339622641509,17
"1628",2006,"TUP",3.28301886792453,5
"1629",2006,"TWTRQ",0,0
"1630",2006,"TWX",2.22641509433962,4
"1631",2007,"TTEC",0.25,1
"1632",2007,"TUC",17.2884615384615,28
"1633",2007,"TUP",4.76923076923077,7
"1634",2007,"TWTRQ",0,0
"1635",2007,"TWX",1.63461538461538,3
"1636",2008,"TTEC",0.4,1
"1637",2008,"TUC",28.7115384615385,48
"1638",2008,"TUP",6.82692307692308,9
"1639",2008,"TWTRQ",0,0
"1640",2008,"TWX",1.15384615384615,2
"1641",2009,"TUC",71.0384615384615,100
"1642",2009,"TUP",5.53846153846154,7
"1643",2009,"TWTRQ",0,0
"1644",2009,"TWX",1.04166666666667,2
"1645",2005,"TXRH",0,0
"1646",2005,"TXT",35.5961538461538,42
"1647",2005,"UAUA",0,0
"1648",2005,"UIS",2.92307692307692,5
"1649",2005,"UNH",6.48076923076923,10
"1650",2006,"TXRH",0.0769230769230769,1
"1651",2006,"TXT",39.3207547169811,47
"1652",2006,"UAUA",1.025,4
"1653",2006,"UIS",3.49056603773585,5
"1654",2006,"UNH",7.13207547169811,9
"1655",2007,"TXRH",0,0
"1656",2007,"TXT",57.5,79
"1657",2007,"UAUA",1,1
"1658",2007,"UIS",4.07692307692308,6
"1659",2007,"UNH",6.09615384615385,9
"1660",2008,"TXRH",0,0
"1661",2008,"TXT",82.5769230769231,100
"1662",2008,"UAUA",1.17391304347826,4
"1663",2008,"UIS",4.42307692307692,8
"1664",2008,"UNH",5.34615384615385,7
"1665",2009,"TXRH",0,0
"1666",2009,"TXT",87.6730769230769,100
"1667",2009,"UAUA",1,1
"1668",2009,"UIS",4.88461538461539,8
"1669",2009,"UNH",5,8
"1670",2005,"UNM",63.6923076923077,100
"1671",2005,"UNP",22.3846153846154,47
"1672",2005,"VDSI",3.86538461538462,9
"1673",2005,"VIGN",2.30769230769231,8
"1674",2005,"VMED",0.403846153846154,4
"1675",2006,"UNM",61,95
"1676",2006,"UNP",25.8490566037736,51
"1677",2006,"VDSI",3.0188679245283,7
"1678",2006,"VIGN",1.83018867924528,5
"1679",2006,"VMED",0.471698113207547,3
"1680",2007,"UNM",62.2115384615385,79
"1681",2007,"UNP",34.4423076923077,64
"1682",2007,"VDSI",3.67307692307692,10
"1683",2007,"VIGN",1.76923076923077,4
"1684",2007,"VMED",1.40384615384615,5
"1685",2008,"UNM",62.7692307692308,83
"1686",2008,"UNP",39.9423076923077,61
"1687",2008,"VDSI",2.84615384615385,6
"1688",2008,"VIGN",1.36538461538462,3
"1689",2008,"VMED",1.11538461538462,3
"1690",2009,"UNM",69.0384615384615,99
"1691",2009,"UNP",54.3846153846154,85
"1692",2009,"VDSI",1.46938775510204,3
"1693",2009,"VIGN",1.17021276595745,3
"1694",2009,"VMED",1.08163265306122,3
"1695",2005,"VRSN",0.4,1
"1696",2005,"VVI",1,1
"1697",2005,"VZ",2.65384615384615,4
"1698",2005,"WAG",3.86538461538462,7
"1699",2005,"WCG",3.26923076923077,14
"1700",2006,"VRSN",1,1
"1701",2006,"VVI",1,1
"1702",2006,"VZ",4.22641509433962,9
"1703",2006,"WAG",4.20754716981132,6
"1704",2006,"WCG",3.50943396226415,13
"1705",2007,"VZ",28.5384615384615,61
"1706",2007,"WAG",4.36538461538461,6
"1707",2007,"WCG",3,14
"1708",2008,"VZ",78,100
"1709",2008,"WAG",4.61538461538461,6
"1710",2008,"WCG",2.46153846153846,9
"1711",2009,"VZ",69.7692307692308,96
"1712",2009,"WAG",4.25,5
"1713",2009,"WCG",2.61538461538462,15
"1714",2005,"WEN",8.01923076923077,10
"1715",2005,"WIT",14.5961538461538,20
"1716",2005,"WLP",1,1
"1717",2005,"WMT",1.20408163265306,2
"1718",2005,"WPI",1.98076923076923,3
"1719",2006,"WEN",7.62264150943396,10
"1720",2006,"WIT",17.8301886792453,24
"1721",2006,"WLP",1,1
"1722",2006,"WMT",1.16981132075472,2
"1723",2006,"WPI",2.13207547169811,3
"1724",2007,"WEN",19.4230769230769,37
"1725",2007,"WIT",14.6923076923077,16
"1726",2007,"WLP",1,1
"1727",2007,"WMT",1.01923076923077,2
"1728",2007,"WPI",1.82692307692308,2
"1729",2008,"WEN",74.4615384615385,95
"1730",2008,"WIT",15.1346153846154,18
"1731",2008,"WLP",1,1
"1732",2008,"WMT",1.05769230769231,2
"1733",2008,"WPI",1.88461538461538,2
"1734",2009,"WEN",92.7307692307692,100
"1735",2009,"WIT",15.3076923076923,16
"1736",2009,"WMT",1,1
"1737",2009,"WPI",1.82692307692308,2
"1738",2005,"WRLD",1.40384615384615,3
"1739",2005,"WSC",3.75,6
"1740",2005,"WSM",5.01923076923077,8
"1741",2005,"WU",66.9615384615385,77
"1742",2005,"WY",24.4038461538462,34
"1743",2006,"WRLD",1.58490566037736,4
"1744",2006,"WSC",2.9811320754717,4
"1745",2006,"WSM",5.50943396226415,8
"1746",2006,"WU",64.3962264150943,75
"1747",2006,"WY",28.3207547169811,39
"1748",2007,"WRLD",1.51923076923077,2
"1749",2007,"WSC",2.98076923076923,4
"1750",2007,"WSM",5.36538461538461,8
"1751",2007,"WU",66.0769230769231,78
"1752",2007,"WY",30.0384615384615,40
"1753",2008,"WRLD",1.67307692307692,2
"1754",2008,"WSC",3.15384615384615,4
"1755",2008,"WSM",5.59615384615385,9
"1756",2008,"WU",63.7115384615385,79
"1757",2008,"WY",33.5961538461538,41
"1758",2009,"WRLD",1.42307692307692,2
"1759",2009,"WSC",3.78846153846154,8
"1760",2009,"WSM",5.5,7
"1761",2009,"WU",58.1923076923077,100
"1762",2009,"WY",35.3846153846154,44
"1763",2005,"XRTX",0.26530612244898,1
"1764",2005,"XRX",1.46,3
"1765",2005,"YHOO",25.1538461538462,40
"1766",2005,"YUM",79.5384615384615,100
"1767",2005,"ZQK",0.234042553191489,1
"1768",2006,"XRTX",0.272727272727273,2
"1769",2006,"XRX",1.44897959183673,3
"1770",2006,"YHOO",32.6981132075472,55
"1771",2006,"YUM",77.8490566037736,100
"1772",2006,"ZQK",0.111111111111111,1
"1773",2007,"XRTX",0.0606060606060606,1
"1774",2007,"XRX",1.4,3
"1775",2007,"YHOO",32.8076923076923,47
"1776",2007,"YUM",66.0576923076923,77
"1777",2007,"ZQK",0.352941176470588,1
"1778",2008,"XRTX",0.032258064516129,1
"1779",2008,"XRX",1.14583333333333,2
"1780",2008,"YHOO",39.0384615384615,89
"1781",2008,"YUM",59.7115384615385,74
"1782",2008,"ZQK",0.375,1
"1783",2009,"XRTX",0.0476190476190476,1
"1784",2009,"XRX",1.27450980392157,3
"1785",2009,"YHOO",34.2307692307692,47
"1786",2009,"YUM",56.6730769230769,66
"1787",2009,"ZQK",1,1
